"Suicide, age adjusted, per 100 000 standard population",Year
15.94026,1981
16.10316,1982
19.1621,1983
18.27207,1984
17.23945,1985
18.65963,1986
16.91342,1987
15.85286,1988
14.41714,1989
13.47138,1990
13.14442,1991
13.60945,1992
13.2138,1993
13.42681,1994
13.55417,1995
13.8193,1996
14.50057,1997
19.48383,1998
19.21572,1999
18.35094,2000
17.73354,2001
18.02855,2002
19.64956,2003
18.53678,2004
18.94693,2005
